<?xml version="1.0" encoding="UTF-8"?>
<beans xmlns="http://www.springframework.org/schema/beans"
	xmlns:xsi="http://www.w3.org/2001/XMLSchema-instance" xmlns:p="http://www.springframework.org/schema/p"
	xmlns:context="http://www.springframework.org/schema/context"
	xsi:schemaLocation="http://www.springframework.org/schema/beans
    http://www.springframework.org/schema/beans/spring-beans-3.0.xsd
    http://www.springframework.org/schema/context
    http://www.springframework.org/schema/context/spring-context-3.0.xsd
    http://www.springframework.org/schema/data/mongo
    http://www.springframework.org/schema/data/mongo/spring-mongo-1.0.xsd
    http://www.directwebremoting.org/schema/spring-dwr
    http://www.directwebremoting.org/schema/spring-dwr-3.0.xsd">

    <context:annotation-config />

    <context:component-scan base-package="com.bank" />

	<bean id="viewResolver"
		class="org.springframework.web.servlet.view.InternalResourceViewResolver">
		<property name="prefix" value="/WEB-INF/" />
		<property name="suffix" value=".jsp" />
	</bean>

	<!-- <bean id="bankEntity" class="com.bank.bean.BankEntitiy"/>
	<bean id="bankDetailsDaoImpl" class="com.bank.impl.BankDetailsDaoImpl" />
	<bean id="BankDetailsServiceDaoImpl" class="com.bank.impl.BankDetailsServiceDaoImpl" />
	<bean id="BankController" class="com.bank.controller.BankController"> -->
	<!-- 	<property name="jj"  ref="BankDetailsServiceDaoImpl"></property>
	</bean> -->
	<!-- <bean id="BankExtractor" class="com.bank.impl.BankExtractor" />
	<bean id="BankRowMapper" class="com.bank.impl.BankRowMapper" /> -->
	

	<bean id="dataSource"
		class="org.springframework.jdbc.datasource.DriverManagerDataSource">
		<property name="driverClassName" value="oracle.jdbc.driver.OracleDriver" />
		<property name="url" value="jdbc:oracle:thin:@localhost:1521:xe" />
		<property name="username" value="system" />
		<property name="password" value="kratika" />
	</bean>
</beans>  